구분,노선명,운행구간,거리(km),1일운행횟수(평일),배차간격(분)(평일),운행대수(평일),운행업체,데이터기준일자
간선,300,하귀(번대동)-외도초-S중앙병원-한라병원-보건소-시청-동광양-화북-삼양-신촌-조천-함덕,32.2,42,25~60,11,극동여객· 삼영교통(도심급행),2025-12-31
간선,301,하귀(번대동)-외도초-S중앙병원-한라병원-터미널-동광양-화북-삼양-신촌-조천-함덕,31.2,34,34~70,11,극동여객· 삼영교통(도심급행),2025-12-31
간선,302,제주공항-중앙로-시청-제주대-(제주국제자유도시센터-국제대)-제주대-시청-중앙로-제주공항,30.6,68,10~16,10,삼영교통(도심급행),2025-12-31
간선,311,한라수목원-탐라도서관-노형오거리-한라병원-제원아파트-제주도청-보건소-제주시청-화북-삼양-함덕,26.1,41,20~90,13,삼화여객,2025-12-31
간선,312,한라수목원-탐라도서관-노형오거리-한라병원-제원아파트-제주도청-보건소-광양-동문로터리-화북-삼화지구-함덕,29.2,41,20~90,13,삼화여객,2025-12-31
간선,315,수산-하귀-외도-월광로-백록초-원노형-매종글래드-제주도청-제주공항-터미널-광양사거리-동문로터리-국제부두,27.6,45,30~50,7,제주여객,2025-12-31
간선,316,번대-하귀-외도-오광로-백록초-원노형-매종글래드-제주도청(신제주R)-제주공항-용담사거리-동문로터리-화북-삼양,28.7,44,35~50,7,제주여객,2025-12-31
간선,320,수산-하귀-외도-도평-광평-한라대-롯데마트-연북로-구산마을-탐라중-한마음병원-거로사거리-삼화지구,28.2,66,10~57,11,삼영교통,2025-12-31
간선,325,한라수목원-탐라도서관-한라중-오일장-신제주로터리-제주공항-용담-동문로터리-국립박물관-화북-삼양초등학교-함덕,30.3,46,25~60,7,극동여객,2025-12-31
간선,331,한라수목원-한라대-오일장-신성마을-공항-터미널-제주시청-동광초-거로사거리-국립박물관-화북-삼양,21.6,42,22~60,10,금남여객,2025-12-31
간선,332,한라수목원-한라중-연동대림-제원아파트-제주도청(신제주R)-공항-터미널-광양-중앙로사거리-여상-국립박물관-화북-삼양,19.4,42,22~60,10,금남여객,2025-12-31
간선,335,관광대-백록초-한라병원-제원아파트-제주도청-터미널-동광양-인제-화북-삼양-봉개,23.4,42,28~70,11,삼영교통,2025-12-31
간선,336,관광대-한라대-연동대림-도호동-제주도청(신제주R)-터미널-동광양-인제-화북-삼화지구-봉개(회천),23,40,28~70,11,삼영교통,2025-12-31
간선,341,함덕-삼양-화북-인제-제주시청-제주대(영주고),23.5,48,14~60,12,삼영교통,2025-12-31
간선,342,함덕-삼화지구-화북-인제-제주시청-제주대-제주대(영주고),24.5,48,14~60,12,삼영교통,2025-12-31
간선,43-1,절물-4.3공원-봉개-부록마을-한일베라체-대림아파트-이도2동주민센터-제주시청-터미널-공항,19.6,27,55~110,6,극동여객,2025-12-31
간선,43-2,절물-4.3공원-봉개-부록마을-한일베라체-대림아파트-신천동-서해아파트-동문로터리-용담사거리-월성마을-공항,20.3,27,55~110,6,극동여객,2025-12-31
간선,43-3,제주절물자연휴양림-4.3평화공원-명도암-봉개동-도련반석스위트타운-도련1동-제주자동차검사소-오름중학교-화북휴먼시아-제주동중학교-화북남문-오현중고등학교-천수동-동광양-버스터미널(북)-명신마을-제주국제공항-오라3동-버스터미널(남),24.1,2,,6,극동여객,2025-12-31
간선,345(순환),제주대(영주고)-제주여중고-탐라중학교-신설동-거로사거리-삼화지구-거로사거리-신설동-탐라중학교-제주여중고-제주대(영주고),23.6,30,30~35,4,동진여객,2025-12-31
간선,346,제주대-제주여중고-일중/한일베라체-대유대림-서해아파트-화북-삼화지구(도련초),16.4,43,10~70,4,동진여객,2025-12-31
간선,347(순환),월평(중앙고)-제주여중고-한일베라체-대유대림-거로사거리-삼화지구-거로사거리-대유대림-한일베라체-아라중-금월길-월평(중앙고),24.6,30,30~35,4,동진여객(추정)*,2025-12-31
간선,351,제주대-제주시청-중앙로사거리-동문로터리-인화동-국립박물관-화북-삼양-봉개(회천),19,71,15~35,8,삼영교통,2025-12-31
간선,355,수산-하귀-외도-이호-월광로입구-월랑초-한라병원-제주도청-터미널-제주여고-제주대학교,24.8,46,39~49,14,삼영교통,2025-12-31
간선,356,수산-하귀-외도-이호-월광로입구-월랑초-한라병원-제주도청-보건소-제주여고-제주대(영주고),24,50,30~57,14,삼영교통,2025-12-31
간선,360,제주대-제주시청-터미널-제주도청-제원아파트-한라병원-노형오거리-제일고-탐라도서관-제주고(중흥S클래스),16,144,12~15,15,삼영교통,2025-12-31
간선,365,제주대(영주고)-제주시청-중앙로사거리-용담-제주공항-제주도청-제원아파트-한라병원-노형오거리-으뜸마을-한라대,18.8,135,10~17,16,삼영교통,2025-12-31
간선,370,수산-연동-용담-중앙로-제주시청-제주대학병원,25.6,21,1일 10회,3,삼영교통,2025-12-31
간선,380,함덕-삼양-화북-인제-제주시청-제주대학병원,22.7,24,48~120,3,삼영교통,2025-12-31
지선,411,국제부두-탑동광장-중앙로사거리-제주시청-아라초-아이파크-신성여중고-영평-용강-봉개-삼화지구-화북-국립박물관-동문로터리-국제부두,28.14,26,25~55,8,극동여객,2025-12-31
지선,412,(위 411 노선과 동일 구간),28.14,26,30~55,8,극동여객,2025-12-31
지선,415,한라수목원-노형오거리-한라병원-제원아파트-제주도청-보건소-남광초-대림아파트-동광초-문예회관-중앙로터리-탑동-국제여객선터미널,18.49,77,15~35,11,삼화여객,2025-12-31
지선,421,제주대-영평-황사평-거로마을-화북주공아파트입구/삼화지구-화북초(진남1로)-국립박물관-동문로터리-중앙로-인화초-서해아파트-경제통상진흥원-영지학교-제주여고-아이파크-신성여고-영평-제주대,33.35,13,30~90,4,금남여객,2025-12-31
지선,422,(위 421 노선과 동일 구간),33.35,13,30~90,4,금남여객,2025-12-31
지선,423,제주터미널-한국병원-동광양-인화초교-천수동-제주교육대학교-오현중고교-화북초교-화북남문-제주동중-화북주공입구-거로마을-황사평-영평하동-영평상동-신성여중고-제주여중고-중앙여고-법원-시청-제주터미널,19.6,9,85~130,2,금남여객,2025-12-31
지선,424,(위 423 노선과 동일 구간),19.6,9,85~130,2,금남여객,2025-12-31
지선,425,국제대-첨단과학단지-영평-한일베라체-한마음병원-근로복지공단-서해아파트-인화동-일도2동주민센터-이화아파트-(구)출입국관리사무소-국제여객선터미널,10.81,40,30~80,7,극동여객,2025-12-31
지선,426,국제대-첨단과학단지-신성여자중고등학교-아라초등학교-제주여자중고등학교-영지학교-영산홍주택-제주해양경찰서-동문시장-국제여객선터미널,14.01,50,25~70,7,극동여객,2025-12-31
지선,431,터미널-미래컨벤션-용담-사대부중-라마다프라다호텔-탑동-동문로터리-사라봉오거리-동여중-시청-이도주공아파트-제주지방종합청사-터미널,16.44,50,40~70,5,극동여객,2025-12-31
지선,432,(위 431 노선과 동일 구간),16.44,24,20~60,5,극동여객,2025-12-31
지선,434,한라도서관-터미널-중앙여중-여상-인화동입구-시청-중앙여고-제주여고-오등동-중앙중-연미-한라도서관,27.2,13,60~90,4,동진여객,2025-12-31
지선,435,(위 434 노선과 동일 구간),27.2,13,35~130,4,동진여객,2025-12-31
지선,436,한라도서관-정실-신제주초교-한라중-탐라도서관-한라중-연미마을-터미널-보건소-한라도서관,22.07,12,70~90,3,동진여객,2025-12-31
지선,437,(위 436 노선과 동일 구간),22.07,12,70~90,3,동진여객,2025-12-31
지선,440,한라수목원-연동대림-제원아파트-터미널-중앙여중-사대부고-중앙로사거리-시민회관-중앙여고-한일베라체-봉개,21.97,28,40~90,4,삼화여객,2025-12-31
지선,441,별빛누리공원-연북로-중앙여중-중앙로사거리-시민회관-제주여고-별빛누리공원,23.08,14,90~100,2,삼화여객,2025-12-31
지선,442,(위 441 노선과 동일 구간),23.08,13,90~100,2,삼화여객,2025-12-31
지선,444,도평-외도-이호-도두-용담-중앙여중-터미널-제주도청(신제주R)-남녕고-월랑초-도두-이호-외도-도평,33.53,13,50~100,2,삼화여객,2025-12-31
지선,445,(위 444 노선과 동일 구간),33.53,13,50~100,2,삼화여객,2025-12-31
지선,446,도평-이호동-백록초-신제주R-오라3동-용담-중앙로-시청-제주대/월평,25.02,20,30~165,3,삼화여객,2025-12-31
지선,447,도평-이호동-어영마을-사대부고-관덕정-중앙로-시청-제주대학교,22.14,25,35~175,3,삼화여객,2025-12-31
지선,451,도두-이호-외도-도평-한라대-신제주초-연동주민센터-신성마을-오일장-도두,17.92,18,50~70,2,동진여객,2025-12-31
지선,452,(위 451 노선과 동일 구간),17.92,18,50~70,2,동진여객,2025-12-31
지선,453,도두-제주오일장-서중-삼무공원-도청-사대부고-용담레포츠공원-어영마을-도두,15.6,10,85~100,1,동진여객,2025-12-31
지선,454,(453 노선과 유사 구간),,11,80~95,1,동진여객,2025-12-31
지선,455,장전-수산-하귀-고성리-광령-월산마을-정존마을-노형오거리-한라병원-수협도지회-신제주로터리-공항입구-용담로터리-관덕정-중앙로-시민회관-시청-제주대학교 (*오일장날 오일장 경유),35.7,32,50~70,6,삼화여객,2025-12-31
지선,461,버스터미널-보성시장-중앙로사거리-탑동-서문시장-삼담우체국-신제주로터리-한라병원-해안마을-한라병원-신제주로터리-버스터미널,23.68,15,50~100,2,삼화여객,2025-12-31
지선,462,버스터미널-제주중앙여자중학교-용담사거리-사대부고-용문사거리-제주민속오일시장-S중앙병원-백록초-해안마을-백록초-S중앙병원-제주민속오일시장-버스터미널,24.29,14,49~100,2,삼화여객,2025-12-31
지선,465,신비마을-한라수목원-노형오거리-매종글래드-제주도청-제주공항입구-용담-동문시장입구-6부두-이화아파트-인화동-문예회관-터미널-월성마을-공항입구-신비마을,32.1,19,35~85,4,삼화여객,2025-12-31
지선,466,신비마을-한라수목원-노형오거리-매종글래드-제주도청-제주공항입구-월성마을-터미널-문예회관-인화동-이화아파트-6부두-동문시장입구-용담-공항입구-신비마을,33.93,19,35~80,4,삼화여객,2025-12-31
지선,471,국제대-첨단과학단지-영평-신성여중고-아이파크-오등동-정실오거리-수협도지회-한라병원-노형초교-한라대,16.86,22,80~95,2,동진여객,2025-12-31
지선,472,국제대-첨단과학단지-영평-신성여중고-아이파크-제주여고-제주지방합동청사-연동주민센터-수협도지회-한라병원-노형초교-한라대,18.27,20,35~120,2,동진여객,2025-12-31
지선,473,국제대-첨단과학단지-제주대-죽성-연강병원-정실오거리-수협도지회-한라병원-노형초교-한라대,15.06,11,1일 11회,1,동진여객,2025-12-31
지선,475,제주대-산천단-관음사-탐라교육원,16.51,14,45~90,1,동진여객,2025-12-31
지선,477,제주대-연북로-도호동-제원아파트-한라병원-노형성당-백록초교-S중앙병원-백록초교-노형오거리-한라병원-도호동-연북로-제주대,32.11,19,40~60,3,동진여객(추정)*,2025-12-31
지선,490,제주대-첨단과학단지-제주대,5.8,68,15,2,삼화여객,2025-12-31
